Hold			Date		Farve		Studie		Forventning		Hjemmeside		Rosiner		Karakter		Video		R		Opgaver		Sprit		Klogeste		Studiejob		Fritid		Punkter				
"Hold 02;"			2021-09-08 11:00:00 UTC																																
"Hold 01;"			2021-09-08 11:00:00 UTC		rød		naturressourcer		hverken ja eller nej		Ja en del af informationen		Det har jeg ingen mening om		12		ja det vil være en stor fordel for mig		Jeg kan lave nogle simple beregninger i R		Ja		1		Ja		0-20 timer		Klatre i træer,Plukke kantareller,Se fodboldkampe med Liverpool i tv						
"Hold 02;"			2021-09-08 11:00:00 UTC																																
"Hold 01;"			2021-09-08 11:00:00 UTC		gul		naturressourcer		ja lidt		Ja en del af informationen		Det har jeg ingen mening om		Det ønsker jeg ikke at svare på		ja det vil være en stor fordel for mig		Jeg kan lave nogle simple beregninger i R		Ja		0		Nej		0		Renovere sin bolig,Plukke kantareller						
"Hold 03;"			2021-09-08 08:24:24 UTC		gul		naturressourcer		ja meget		Ja det hele		Uden		10		ja det vil være en stor fordel for mig		Jeg har brugt R før men kan intet huske		Ja		1		Ja		0		Renovere sin bolig,Se fodboldkampe med Liverpool i tv		50				
"Hold 04;"			2021-09-08 08:20:34 UTC		blå		husdyrvidenskab		hverken ja eller nej		Ja en del af informationen		Uden		Det ønsker jeg ikke at svare på		ja men jeg vil ikke se ret mange af videoerne		Jeg kan lave nogle simple beregninger i R		Ja		2		Nej		12		Plukke kantareller,Køre på rulleski		864				
"Hold 01;"			2021-09-08 08:19:12 UTC		rød		naturressourcer		hverken ja eller nej		Ja en del af informationen		Uden		12		ja det vil være en stor fordel for mig		Jeg kan lave nogle simple beregninger i R		Ja		0		Ja		12-16		Renovere sin bolig,Køre på rulleski		500				
"Hold 05;"			2021-09-08 08:19:09 UTC		rød		naturressourcer		ja lidt		Ja en del af informationen		Uden		7		ja men jeg vil ikke se ret mange af videoerne		Jeg kan lave nogle simple beregninger i R		Ja		0		Ja		0		Renovere sin bolig,Køre på rulleski,Se fodboldkampe med Liverpool i tv		180				
"Hold 01;"			2021-09-08 08:19:04 UTC		rød		naturressourcer		ja meget		Ja en del af informationen		Det har jeg ingen mening om		10		ja men jeg vil ikke se ret mange af videoerne		Jeg kan lave nogle simple beregninger i R		Ja		0		Ja		0		Hækle,Plukke kantareller,Se fodboldkampe med Liverpool i tv		452				
"Hold 02;"			2021-09-08 08:19:03 UTC		gul		husdyrvidenskab		ja lidt		Ja en del af informationen		Uden		4		ja men jeg vil ikke se ret mange af videoerne		Jeg kan lave nogle simple beregninger i R		Ja		0		Nej		20		Se fodboldkampe med Liverpool i tv		567				
"Hold 04;"			2021-09-08 08:18:57 UTC		rød		naturressourcer		hverken ja eller nej		Ja en del af informationen		Uden		7		ja det vil være en stor fordel for mig		Jeg har brugt R før men kan intet huske		Ja		0		Ja		8		Renovere sin bolig,Hækle,Klatre i træer,Plukke kantareller,Køre på rulleski,Se fodboldkampe med Liverpool i tv		427				
"Hold 07;"			2021-09-08 08:18:14 UTC		rød		jordbrugsøkonomi		hverken ja eller nej		Ja en del af informationen		Uden		7		ja men jeg vil ikke se ret mange af videoerne		Jeg kan lave nogle simple beregninger i R		Det ved jeg ikke		0		Ja		5,5		Køre på rulleski,Se fodboldkampe med Liverpool i tv		1001				
"Hold 03;"			2021-09-08 08:17:34 UTC		blå		naturressourcer		ja lidt		Ja en del af informationen		Uden		4		ja det vil være en stor fordel for mig		Jeg har brugt R før men kan intet huske		Ja		0		Ja		12		Klatre i træer,Plukke kantareller,Se fodboldkampe med Liverpool i tv		356				
"Hold 06;"			2021-09-08 08:17:31 UTC		rød		naturressourcer		hverken ja eller nej		Nej slet ikke		Uden		7		nej det er lige meget		Jeg har brugt R før men kan intet huske		Ja		0		Ja		8		Klatre i træer,Plukke kantareller,Se fodboldkampe med Liverpool i tv		300				
"Hold 03;"			2021-09-08 08:17:10 UTC		blå		naturressourcer		hverken ja eller nej		Ja det hele		Uden		7		ja det vil være en stor fordel for mig		Jeg kan lave nogle simple beregninger i R		Ja		2		Ja		15		Renovere sin bolig,Køre på rulleski,Se fodboldkampe med Liverpool i tv		173				
"Hold 03;"			2021-09-08 08:17:10 UTC		gul		bioteknologi		ja meget		Ja en del af informationen		Uden		10		ja det vil være en stor fordel for mig		Jeg har styr på det meste fra tidligere kurser hvor jeg har brugt R		Ja		1		Ja		14.8		Klatre i træer,Plukke kantareller,Se fodboldkampe med Liverpool i tv		500				
"Hold 04;"			2021-09-08 08:16:59 UTC		gul		naturressourcer		ja lidt		Ja det hele		Med		7		ja det vil være en stor fordel for mig		Jeg har brugt R før men kan intet huske		Ja		0		Ja		10		Renovere sin bolig,Køre på rulleski,Se fodboldkampe med Liverpool i tv		250				
"Hold 07;"			2021-09-08 08:16:48 UTC		gul		naturressourcer		hverken ja eller nej		Ja en del af informationen		Uden		7		ja det vil være en stor fordel for mig		Jeg kan lave nogle simple beregninger i R		Ja		0		Ja		6		Renovere sin bolig,Se fodboldkampe med Liverpool i tv		50				
"Hold 03;"			2021-09-08 08:16:35 UTC		blå		naturressourcer		ja lidt		Nej slet ikke		Uden		7		nej det er lige meget		Jeg har brugt R før men kan intet huske		Ja		0		Ja		8		Renovere sin bolig,Plukke kantareller,Se fodboldkampe med Liverpool i tv		121				
"Hold 06;"			2021-09-08 08:16:34 UTC		rød		bioteknologi		hverken ja eller nej		Ja en del af informationen		Uden		7		ja det vil være en stor fordel for mig		Jeg kan lave nogle simple beregninger i R		Ja		0		Ja		0 timer		Klatre i træer,Køre på rulleski,Se fodboldkampe med Liverpool i tv		120				
"Hold 07;"			2021-09-08 08:16:33 UTC		blå		bioteknologi		ja meget		Ja en del af informationen		Uden		7		ja men jeg vil ikke se ret mange af videoerne		Jeg kan lave nogle simple beregninger i R		Ja		0		Ja		12		Se fodboldkampe med Liverpool i tv		345				
"Hold 01;"			2021-09-08 08:16:28 UTC		rød		husdyrvidenskab		hverken ja eller nej		Ja det hele		Uden		7		ja det vil være en stor fordel for mig		Jeg kan lave nogle simple beregninger i R		Ja		1		Nej		1		Renovere sin bolig,Køre på rulleski		162				
"Hold 01;"			2021-09-08 08:16:21 UTC		rød		naturressourcer		hverken ja eller nej		Nej slet ikke		Uden		2		ja det vil være en stor fordel for mig		Jeg kan lave nogle simple beregninger i R		Ja		0		Nej		1		Renovere sin bolig,Hækle,Plukke kantareller		302				
"Hold 02;"			2021-09-08 08:16:11 UTC		grøn		husdyrvidenskab		ja lidt		Ja en del af informationen		Med		2		ja det vil være en stor fordel for mig		Jeg kan lave nogle simple beregninger i R		Ja		3 eller derover		Nej		10		Hækle,Plukke kantareller,Køre på rulleski		451				
"Hold 07;"			2021-09-08 08:16:05 UTC		rød		naturressourcer		ja meget		Ja en del af informationen		Med		12		ja men jeg vil ikke se ret mange af videoerne		Jeg har styr på det meste fra tidligere kurser hvor jeg har brugt R		Ja		1				8		Renovere sin bolig,Hækle,Klatre i træer,Køre på rulleski		200				
"Hold 06;"			2021-09-08 08:16:00 UTC		gul		husdyrvidenskab		ja lidt		Ja det hele		Det har jeg ingen mening om		7		ja det vil være en stor fordel for mig		Jeg har styr på det meste fra tidligere kurser hvor jeg har brugt R		Ja		0		Nej		1		Klatre i træer,Køre på rulleski,Se fodboldkampe med Liverpool i tv		450				
"Hold 04;"			2021-09-08 08:15:55 UTC		rød		naturressourcer		ja lidt		Ja en del af informationen		Uden		4		ja det vil være en stor fordel for mig		Jeg kan lave nogle simple beregninger i R		Ja		1		Ja		12		Se fodboldkampe med Liverpool i tv		1000				
"Hold 02;"			2021-09-08 08:15:55 UTC		gul		bioteknologi		ja lidt		Ja en del af informationen		Uden		7		ja det vil være en stor fordel for mig		Jeg har styr på det meste fra tidligere kurser hvor jeg har brugt R		Ja		1		Ja		10		Renovere sin bolig,Klatre i træer,Se fodboldkampe med Liverpool i tv		352				
"Hold 05;"			2021-09-08 08:15:53 UTC		rød		naturressourcer		ja meget		Ja en del af informationen		Uden		7		ja det vil være en stor fordel for mig		Jeg har styr på det meste fra tidligere kurser hvor jeg har brugt R		Ja		1		Ja		8		Renovere sin bolig,Køre på rulleski,Se fodboldkampe med Liverpool i tv		208				
"Hold 07;"			2021-09-08 08:15:51 UTC		rød		husdyrvidenskab		hverken ja eller nej		Ja det hele		Uden		4		ja det vil være en stor fordel for mig		Jeg kan lave nogle simple beregninger i R		Ja		1		Nej		9		Renovere sin bolig,Plukke kantareller,Køre på rulleski		352				
"Hold 04;"			2021-09-08 08:15:51 UTC		blå		naturressourcer		ja meget		Ja en del af informationen		Det har jeg ingen mening om		7		ja men jeg vil ikke se ret mange af videoerne		Jeg kan lave nogle simple beregninger i R		Ja		1		Nej		14		Renovere sin bolig,Klatre i træer,Plukke kantareller,Køre på rulleski,Se fodboldkampe med Liverpool i tv		550				
"Hold 03;"			2021-09-08 08:15:47 UTC		rød		naturressourcer		ja meget		Ja en del af informationen		Uden		7		ja det vil være en stor fordel for mig		Jeg kan lave nogle simple beregninger i R		Ja		0		Nej		12		Renovere sin bolig,Klatre i træer,Se fodboldkampe med Liverpool i tv		700				
"Hold 05;"			2021-09-08 08:15:47 UTC		rød		naturressourcer		nej		Ja en del af informationen		Med		7		ja det vil være en stor fordel for mig		Jeg har aldrig brugt R		Ja		1		Ja		8		Renovere sin bolig,Plukke kantareller,Se fodboldkampe med Liverpool i tv		1234				
"Hold 07;"			2021-09-08 08:15:44 UTC		rød		naturressourcer		ja meget		Ja det hele		Uden		10		ja det vil være en stor fordel for mig		Jeg kan lave nogle simple beregninger i R		Ja		3 eller derover		Ja		96		Renovere sin bolig,Hækle,Klatre i træer,Køre på rulleski		1000				
"Hold 03;"			2021-09-08 08:15:42 UTC		gul		bioteknologi		ja lidt		Ja en del af informationen		Uden		10		ja det vil være en stor fordel for mig		Jeg har styr på det meste fra tidligere kurser hvor jeg har brugt R		Ja		2		Nej		12		Renovere sin bolig,Plukke kantareller		320				
"Hold 06;"			2021-09-08 08:15:41 UTC		rød		naturressourcer		ja meget		Ja en del af informationen		Uden		7		nej det er lige meget		Jeg har brugt R før men kan intet huske		Ja		1		Nej		6		Renovere sin bolig,Køre på rulleski		5000				
"Hold 03;"			2021-09-08 08:15:41 UTC		gul		bioteknologi		ja lidt		Nej slet ikke		Med		7		ja det vil være en stor fordel for mig		Jeg kan lave nogle simple beregninger i R		Det ved jeg ikke		1		Ja		0		Klatre i træer,Køre på rulleski,Se fodboldkampe med Liverpool i tv		298				
"Hold 02;"			2021-09-08 08:15:41 UTC		gul		bioteknologi		ja lidt		Ja en del af informationen		Med		7		ja men jeg vil ikke se ret mange af videoerne		Jeg har styr på det meste fra tidligere kurser hvor jeg har brugt R		Ja		2		Nej		0		Renovere sin bolig,Plukke kantareller,Se fodboldkampe med Liverpool i tv		250				
"Hold 01;"			2021-09-08 08:15:40 UTC		gul		husdyrvidenskab		ja lidt		Ja en del af informationen		Det har jeg ingen mening om		4		ja men jeg vil ikke se ret mange af videoerne		Jeg kan lave nogle simple beregninger i R		Det ved jeg ikke		0		Nej		0-15 timer		Klatre i træer,Plukke kantareller		450				
"Hold 06;"			2021-09-08 08:15:39 UTC		grøn		bioteknologi		ja meget		Ja en del af informationen		Uden		4		ja men jeg vil ikke se ret mange af videoerne		Jeg har styr på det meste fra tidligere kurser hvor jeg har brugt R		Ja		2		Ja		0 timer brr		Renovere sin bolig,Plukke kantareller,Se fodboldkampe med Liverpool i tv		257				
"Hold 05;"			2021-09-08 08:15:39 UTC		gul		naturressourcer		ja lidt		Ja en del af informationen		Med		10		ja det vil være en stor fordel for mig		Jeg kan lave nogle simple beregninger i R		Ja		1		Nej		nul		Renovere sin bolig,Hækle,Klatre i træer,Plukke kantareller,Køre på rulleski,Se fodboldkampe med Liverpool i tv		600				
"Hold 01;"			2021-09-08 08:15:38 UTC		gul		bioteknologi		ja lidt		Ja en del af informationen		Uden		7		ja det vil være en stor fordel for mig		Jeg kan lave nogle simple beregninger i R		Ja		0		Nej		40		Se fodboldkampe med Liverpool i tv		500				
"Hold 05;"			2021-09-08 08:15:37 UTC		grøn		husdyrvidenskab		hverken ja eller nej		Ja en del af informationen		Uden		4		ja det vil være en stor fordel for mig		Jeg kan lave nogle simple beregninger i R		Ja		1		Nej		10		Køre på rulleski,Se fodboldkampe med Liverpool i tv		312				
"Hold 06;"			2021-09-08 08:15:35 UTC		rød		naturressourcer		ja lidt		Ja en del af informationen		Uden		10		nej det er lige meget		Jeg kan lave nogle simple beregninger i R		Ja		0		Ja		0		Køre på rulleski		677				
"Hold 03;"			2021-09-08 08:15:34 UTC		grøn		bioteknologi		ja meget		Ja en del af informationen		Med		7		ja det vil være en stor fordel for mig		Jeg kan lave nogle simple beregninger i R		Ja		3 eller derover		Nej		18		Renovere sin bolig,Hækle		347				
"Hold 02;"			2021-09-08 08:15:32 UTC		blå		jordbrugsøkonomi		ja meget		Ja en del af informationen		Uden		7		ja men jeg vil ikke se ret mange af videoerne		Jeg kan lave nogle simple beregninger i R		Ja		0		Ja		15		Hækle,Plukke kantareller,Se fodboldkampe med Liverpool i tv		100				
"Hold 05;"			2021-09-08 08:15:31 UTC		gul		husdyrvidenskab		ja lidt		Ja en del af informationen		Uden		7		ja det vil være en stor fordel for mig		Jeg har styr på det meste fra tidligere kurser hvor jeg har brugt R		Det ved jeg ikke		1		Nej		15		Renovere sin bolig,Plukke kantareller,Se fodboldkampe med Liverpool i tv		1156				
"Hold 06;"			2021-09-08 08:15:30 UTC		gul		naturressourcer		nej		Ja en del af informationen		Uden		4		ja det vil være en stor fordel for mig		Jeg har brugt R før men kan intet huske		Ja		0		Nej		2		Hækle,Plukke kantareller		475				
"Hold 03;"			2021-09-08 08:15:30 UTC		rød		husdyrvidenskab		hverken ja eller nej		Ja en del af informationen		Uden		7		ja det vil være en stor fordel for mig		Jeg kan lave nogle simple beregninger i R		Det ved jeg ikke		0		Nej		ingen		Hækle,Plukke kantareller,Se fodboldkampe med Liverpool i tv		400				
"Hold 02;"			2021-09-08 08:15:29 UTC		gul		bioteknologi		ja lidt		Ja det hele		Med		7		ja men jeg vil ikke se ret mange af videoerne		Jeg har brugt R før men kan intet huske		Ja		1		Nej		15		Renovere sin bolig,Hækle,Klatre i træer,Plukke kantareller,Køre på rulleski,Se fodboldkampe med Liverpool i tv		800				
"Hold 02;"			2021-09-08 08:15:27 UTC		blå		jordbrugsøkonomi		ja lidt		Ja en del af informationen		Uden		7		ja det vil være en stor fordel for mig		Jeg har styr på det meste fra tidligere kurser hvor jeg har brugt R		Ja		0		Ja		max 15		Renovere sin bolig,Plukke kantareller,Se fodboldkampe med Liverpool i tv		250				
"Hold 01;"			2021-09-08 08:15:26 UTC		rød		naturressourcer		hverken ja eller nej		Ja en del af informationen		Med		7		ja men jeg vil ikke se ret mange af videoerne		Jeg har brugt R før men kan intet huske		Ja		1		Nej		0		Renovere sin bolig,Køre på rulleski		550				
"Hold 06;"			2021-09-08 08:15:24 UTC		grøn		bioteknologi		hverken ja eller nej		Ja en del af informationen		Uden		7		ja men jeg vil ikke se ret mange af videoerne		Jeg kan lave nogle simple beregninger i R		Ja		3 eller derover		Nej		ingen		Plukke kantareller,Se fodboldkampe med Liverpool i tv		480				
"Hold 06;"			2021-09-08 08:15:24 UTC		gul		naturressourcer		ja lidt		Ja det hele		Uden		4		nej det er lige meget		Jeg har styr på det meste fra tidligere kurser hvor jeg har brugt R		Ja		1		Nej		7		Hækle,Klatre i træer,Plukke kantareller,Se fodboldkampe med Liverpool i tv		500				
"Hold 05;"			2021-09-08 08:15:23 UTC		rød		naturressourcer		ja lidt		Ja en del af informationen		Det har jeg ingen mening om		7		ja det vil være en stor fordel for mig		Jeg har brugt R før men kan intet huske		Ja		0		Nej		4		Se fodboldkampe med Liverpool i tv		888				
"Hold 05;"			2021-09-08 08:15:23 UTC		blå		bioteknologi		hverken ja eller nej		Ja en del af informationen		Uden		7		ja men jeg vil ikke se ret mange af videoerne		Jeg kan lave nogle simple beregninger i R		Ja		2		Ja		0		Køre på rulleski,Se fodboldkampe med Liverpool i tv		410				
"Hold 07;"			2021-09-08 08:15:22 UTC		rød		naturressourcer		ja meget		Ja en del af informationen		Med		7		ja men jeg vil ikke se ret mange af videoerne		Jeg har brugt R før men kan intet huske		Det ved jeg ikke		2		Ja		20		Hækle,Klatre i træer,Plukke kantareller		4000				
"Hold 03;"			2021-09-08 08:15:19 UTC		blå		husdyrvidenskab		hverken ja eller nej		Ja en del af informationen		Uden		4		ja men jeg vil ikke se ret mange af videoerne		Jeg har brugt R før men kan intet huske		Ja		1		Nej		16		Renovere sin bolig,Plukke kantareller,Se fodboldkampe med Liverpool i tv		650				
"Hold 05;"			2021-09-08 08:15:17 UTC		rød		husdyrvidenskab		ja lidt		Ja en del af informationen		Med		4		nej det er lige meget		Jeg kan lave nogle simple beregninger i R		Ja		2		Nej		1		Klatre i træer		200				
"Hold 02;"			2021-09-08 08:15:17 UTC		blå		bioteknologi		ja meget		Ja en del af informationen		Uden		7		ja det vil være en stor fordel for mig		Jeg har brugt R før men kan intet huske		Ja		1		Ja		0		Klatre i træer,Plukke kantareller,Køre på rulleski,Se fodboldkampe med Liverpool i tv		42 - meningen med livet				
"Hold 04;"			2021-09-08 08:15:14 UTC		blå		naturressourcer		ja lidt		Ja en del af informationen		Uden		10		nej det er lige meget		Jeg kan lave nogle simple beregninger i R		Ja		1		Ja		20		Køre på rulleski,Se fodboldkampe med Liverpool i tv		370				
"Hold 07;"			2021-09-08 08:15:14 UTC		gul		naturressourcer		hverken ja eller nej		Ja en del af informationen		Uden		4		ja det vil være en stor fordel for mig		Jeg kan lave nogle simple beregninger i R		Ja		1		Ja		20		Klatre i træer,Plukke kantareller,Køre på rulleski,Se fodboldkampe med Liverpool i tv		550				
"Hold 06;"			2021-09-08 08:15:14 UTC		gul		bioteknologi		hverken ja eller nej		Ja en del af informationen		Uden		4		ja men jeg vil ikke se ret mange af videoerne		Jeg kan lave nogle simple beregninger i R		Ja		2		Nej		8		Klatre i træer,Køre på rulleski,Se fodboldkampe med Liverpool i tv		469				
"Hold 06;"			2021-09-08 08:15:13 UTC		gul		bioteknologi		ja lidt		Ja en del af informationen		Det har jeg ingen mening om		7		ja men jeg vil ikke se ret mange af videoerne		Jeg kan lave nogle simple beregninger i R		Ja		1		Nej		6		Plukke kantareller,Køre på rulleski,Se fodboldkampe med Liverpool i tv		700				
"Hold 07;"			2021-09-08 08:15:12 UTC		grøn		jordbrugsøkonomi		ja meget		Ja en del af informationen		Med		10		ja det vil være en stor fordel for mig		Jeg har styr på det meste fra tidligere kurser hvor jeg har brugt R		Ja		1		Nej		1		Renovere sin bolig,Hækle,Plukke kantareller,Køre på rulleski		423				
"Hold 06;"			2021-09-08 08:15:12 UTC		grøn		bioteknologi		ja meget		Ja det hele		Uden		7		ja men jeg vil ikke se ret mange af videoerne		Jeg kan lave nogle simple beregninger i R		Ja		0		Ja		0		Klatre i træer,Plukke kantareller,Se fodboldkampe med Liverpool i tv		1520				
"Hold 07;"			2021-09-08 08:15:11 UTC		blå		bioteknologi		ja meget		Ja en del af informationen		Uden		7		ja men jeg vil ikke se ret mange af videoerne		Jeg har styr på det meste fra tidligere kurser hvor jeg har brugt R		Ja		0		Ja		4		Se fodboldkampe med Liverpool i tv		396				
"Hold 03;"			2021-09-08 08:15:11 UTC		grøn		bioteknologi		ja lidt		Ja en del af informationen		Uden		7		ja det vil være en stor fordel for mig		Jeg kan lave nogle simple beregninger i R		Ja		0		Nej		5		Klatre i træer		2000				
"Hold 03;"			2021-09-08 08:15:11 UTC		grøn		bioteknologi		ja lidt		Ja en del af informationen		Uden		4		ja men jeg vil ikke se ret mange af videoerne		Jeg har brugt R før men kan intet huske		Ja		0		Nej		18		Klatre i træer,Plukke kantareller,Se fodboldkampe med Liverpool i tv		300				
"Hold 05;"			2021-09-08 08:15:11 UTC		blå		bioteknologi		ja lidt		Ja en del af informationen		Uden		7		nej det er lige meget		Jeg har brugt R før men kan intet huske		Ja		1		Nej		16		Renovere sin bolig,Klatre i træer,Plukke kantareller,Se fodboldkampe med Liverpool i tv		800				
"Hold 02;"			2021-09-08 08:15:10 UTC		blå		bioteknologi		ja lidt		Nej slet ikke		Uden		7		ja det vil være en stor fordel for mig		Jeg kan lave nogle simple beregninger i R		Ja		1		Ja		5		Renovere sin bolig,Hækle,Klatre i træer,Plukke kantareller,Køre på rulleski,Se fodboldkampe med Liverpool i tv		600				
"Hold 07;"			2021-09-08 08:15:09 UTC		gul		naturressourcer		nej		Ja en del af informationen		Det har jeg ingen mening om		4		ja det vil være en stor fordel for mig		Jeg har brugt R før men kan intet huske		Ja		0		Nej		5		Plukke kantareller,Køre på rulleski		300				
"Hold 03;"			2021-09-08 08:15:09 UTC		grøn		jordbrugsøkonomi		ja meget		Ja en del af informationen		Med		7		ja det vil være en stor fordel for mig		Jeg har brugt R før men kan intet huske		Ja		0		Nej		15		Plukke kantareller,Køre på rulleski		700				
"Hold 03;"			2021-09-08 08:15:09 UTC		rød		naturressourcer		nej		Ja en del af informationen		Uden		7		ja det vil være en stor fordel for mig		Jeg har brugt R før men kan intet huske		Ja		1		Ja		5		Plukke kantareller,Køre på rulleski		853				
"Hold 06;"			2021-09-08 08:15:08 UTC		rød		jordbrugsøkonomi		hverken ja eller nej		Ja en del af informationen		Uden		7		nej det er lige meget		Jeg kan lave nogle simple beregninger i R		Nej		0		Ja		0		Plukke kantareller,Se fodboldkampe med Liverpool i tv		1000				
"Hold 02;"			2021-09-08 08:15:07 UTC		grøn		naturressourcer		ja meget		Ja det hele		Uden		7		ja det vil være en stor fordel for mig		Jeg kan lave nogle simple beregninger i R		Ja		1		Nej		0		Renovere sin bolig		578				
"Hold 03;"			2021-09-08 08:15:06 UTC		grøn		naturressourcer		ja lidt		Ja en del af informationen		Uden		7		ja men jeg vil ikke se ret mange af videoerne		Jeg kan lave nogle simple beregninger i R		Ja		1		Nej		4		Plukke kantareller,Se fodboldkampe med Liverpool i tv		480				
"Hold 04;"			2021-09-08 08:15:03 UTC		rød		naturressourcer		ja lidt		Ja en del af informationen		Uden		Det ønsker jeg ikke at svare på		ja men jeg vil ikke se ret mange af videoerne		Jeg har brugt R før men kan intet huske		Ja		0		Nej		7		Køre på rulleski,Se fodboldkampe med Liverpool i tv		350				
"Hold 05;"			2021-09-08 08:15:01 UTC		rød		jordbrugsøkonomi		ja lidt		Ja en del af informationen		Uden		4		ja det vil være en stor fordel for mig		Jeg har brugt R før men kan intet huske		Det ved jeg ikke		1		Nej		20		Se fodboldkampe med Liverpool i tv		400				
"Hold 02;"			2021-09-08 08:15:01 UTC		rød		bioteknologi		ja meget		Ja en del af informationen		Uden		10		ja men jeg vil ikke se ret mange af videoerne		Jeg har styr på det meste fra tidligere kurser hvor jeg har brugt R		Ja		2		Ja		0 timer		Klatre i træer,Plukke kantareller,Se fodboldkampe med Liverpool i tv		300				
"Hold 06;"			2021-09-08 08:15:00 UTC		blå		naturressourcer		ja meget		Ja en del af informationen		Uden		7		nej det er lige meget		Jeg kan lave nogle simple beregninger i R		Ja		1		Ja		0		Renovere sin bolig,Plukke kantareller,Køre på rulleski,Se fodboldkampe med Liverpool i tv		400				
"Hold 02;"			2021-09-08 08:14:59 UTC		rød		jordbrugsøkonomi		ja meget		Ja en del af informationen		Det har jeg ingen mening om		7		ja men jeg vil ikke se ret mange af videoerne		Jeg kan lave nogle simple beregninger i R		Ja		1		Nej		0		Renovere sin bolig,Klatre i træer,Se fodboldkampe med Liverpool i tv		1100				
"Hold 01;"			2021-09-08 08:14:58 UTC		grøn		naturressourcer		ja meget		Ja en del af informationen		Uden		7		ja det vil være en stor fordel for mig		Jeg kan lave nogle simple beregninger i R		Ja		0		Nej		1		Klatre i træer		844				
"Hold 05;"			2021-09-08 08:14:57 UTC		rød		naturressourcer		ja lidt		Ja en del af informationen		Det har jeg ingen mening om		10		ja men jeg vil ikke se ret mange af videoerne		Jeg kan lave nogle simple beregninger i R		Ja		0		Ja		6,5		Klatre i træer,Plukke kantareller,Se fodboldkampe med Liverpool i tv		1000				
"Hold 01;"			2021-09-08 08:14:57 UTC		blå		jordbrugsøkonomi		ja lidt		Ja en del af informationen		Uden		4		ja det vil være en stor fordel for mig		Jeg kan lave nogle simple beregninger i R		Ja		0		Ja		12		Se fodboldkampe med Liverpool i tv		98				
"Hold 07;"			2021-09-08 08:14:57 UTC		rød		jordbrugsøkonomi		ja lidt		Ja en del af informationen		Uden		7		ja det vil være en stor fordel for mig		Jeg kan lave nogle simple beregninger i R		Ja		0		Nej		15-20		Hækle,Klatre i træer		672				
"Hold 03;"			2021-09-08 08:14:56 UTC		grøn		jordbrugsøkonomi		ja meget		Ja det hele		Uden		12		ja det vil være en stor fordel for mig		Jeg har brugt R før men kan intet huske		Ja		0		Ja		ingen		Klatre i træer,Plukke kantareller		650				
"Hold 01;"			2021-09-08 08:14:56 UTC		blå		naturressourcer		ja meget		Ja en del af informationen		Uden		10		ja men jeg vil ikke se ret mange af videoerne		Jeg kan lave nogle simple beregninger i R		Ja		0		Ja		0		Se fodboldkampe med Liverpool i tv		500				
"Hold 01;"			2021-09-08 08:14:56 UTC		gul		bioteknologi		ja lidt		Ja en del af informationen		Det har jeg ingen mening om		10		ja men jeg vil ikke se ret mange af videoerne		Jeg kan lave nogle simple beregninger i R		Ja		0		Nej		12		Renovere sin bolig,Klatre i træer,Se fodboldkampe med Liverpool i tv		1000				
"Hold 01;"			2021-09-08 08:14:55 UTC		gul		naturressourcer		ja meget		Nej slet ikke		Med		12		ja det vil være en stor fordel for mig		Jeg kan lave nogle simple beregninger i R		Ja		0		Ja		1		Renovere sin bolig,Hækle,Klatre i træer,Plukke kantareller,Køre på rulleski,Se fodboldkampe med Liverpool i tv		300				
"Hold 05;"			2021-09-08 08:14:55 UTC		grøn		bioteknologi		ja lidt		Ja en del af informationen		Uden		7		ja det vil være en stor fordel for mig		Jeg kan lave nogle simple beregninger i R		Ja		2		Ja		8		Renovere sin bolig,Klatre i træer,Plukke kantareller,Se fodboldkampe med Liverpool i tv		400				
"Hold 04;"			2021-09-08 08:14:54 UTC		rød		naturressourcer		nej		Ja en del af informationen		Uden		7		ja men jeg vil ikke se ret mange af videoerne		Jeg har brugt R før men kan intet huske		Ja		0		Nej		8		Plukke kantareller		400				
"Hold 06;"			2021-09-08 08:14:54 UTC		grøn		naturressourcer		hverken ja eller nej		Ja det hele		Med		Det ønsker jeg ikke at svare på		ja det vil være en stor fordel for mig		Jeg har brugt R før men kan intet huske		Det ved jeg ikke		2		Nej		10		Køre på rulleski		375				
"Hold 04;"			2021-09-08 08:14:54 UTC		gul		bioteknologi		nej		Nej slet ikke		Uden		10		ja det vil være en stor fordel for mig		Jeg har brugt R før men kan intet huske		Ja		0		Ja		0 timer		Klatre i træer,Plukke kantareller,Se fodboldkampe med Liverpool i tv		mere end 5				
"Hold 03;"			2021-09-08 08:14:53 UTC		gul		naturressourcer		nej		Ja en del af informationen		Uden		7		ja men jeg vil ikke se ret mange af videoerne		Jeg kan lave nogle simple beregninger i R		Ja		3 eller derover		Nej		ingen		Renovere sin bolig,Plukke kantareller		520				
"Hold 05;"			2021-09-08 08:14:53 UTC		rød		jordbrugsøkonomi		ja lidt		Ja en del af informationen		Det har jeg ingen mening om		7		nej det er lige meget		Jeg har styr på det meste fra tidligere kurser hvor jeg har brugt R		Ja		2		Ja		15		Renovere sin bolig,Se fodboldkampe med Liverpool i tv		215				
"Hold 02;"			2021-09-08 08:14:53 UTC		rød		bioteknologi		ja lidt		Ja det hele		Med		4		ja det vil være en stor fordel for mig		Jeg har styr på det meste fra tidligere kurser hvor jeg har brugt R		Ja		2		Nej		20		Klatre i træer		520				
"Hold 07;"			2021-09-08 08:14:52 UTC		grøn		naturressourcer		ja lidt		Ja en del af informationen		Med		7		ja det vil være en stor fordel for mig		Jeg kan lave nogle simple beregninger i R		Ja		2		Ja		8		Hækle,Plukke kantareller,Se fodboldkampe med Liverpool i tv		500				
"Hold 01;"			2021-09-08 08:14:52 UTC		grøn		jordbrugsøkonomi		ja lidt		Nej slet ikke		Uden		4		ja det vil være en stor fordel for mig		Jeg kan lave nogle simple beregninger i R		Ja		2		Ja		18		Renovere sin bolig,Hækle,Klatre i træer,Plukke kantareller,Køre på rulleski,Se fodboldkampe med Liverpool i tv		360				
"Hold 04;"			2021-09-08 08:14:52 UTC		grøn		husdyrvidenskab		hverken ja eller nej		Ja en del af informationen		Uden		2		ja det vil være en stor fordel for mig		Jeg kan lave nogle simple beregninger i R		Ja		1		Nej		0		Hækle,Plukke kantareller,Køre på rulleski		180				
"Hold 02;"			2021-09-08 08:14:50 UTC		gul		bioteknologi		hverken ja eller nej		Ja en del af informationen		Uden		4		ja men jeg vil ikke se ret mange af videoerne		Jeg har brugt R før men kan intet huske		Ja		1		Nej		7		Renovere sin bolig,Se fodboldkampe med Liverpool i tv		180				
"Hold 06;"			2021-09-08 08:14:50 UTC		blå		bioteknologi		ja meget		Ja det hele		Uden		10		ja det vil være en stor fordel for mig		Jeg har styr på det meste fra tidligere kurser hvor jeg har brugt R		Ja		0		Nej		7,5		Klatre i træer,Køre på rulleski		277				
"Hold 05;"			2021-09-08 08:14:49 UTC		rød		husdyrvidenskab		hverken ja eller nej		Ja en del af informationen		Uden		2		ja det vil være en stor fordel for mig		Jeg kan lave nogle simple beregninger i R		Ja		0		Nej		8		Renovere sin bolig,Hækle,Klatre i træer,Plukke kantareller,Køre på rulleski,Se fodboldkampe med Liverpool i tv		900				
"Hold 04;"			2021-09-08 08:14:48 UTC		gul		bioteknologi		hverken ja eller nej		Ja en del af informationen		Med		7		ja men jeg vil ikke se ret mange af videoerne		Jeg kan lave nogle simple beregninger i R		Ja		2		Nej		20		Klatre i træer,Køre på rulleski,Se fodboldkampe med Liverpool i tv		300				
"Hold 05;"			2021-09-08 08:14:48 UTC		gul		naturressourcer		ja meget		Ja en del af informationen		Med		10		ja det vil være en stor fordel for mig		Jeg kan lave nogle simple beregninger i R		Ja		1		Ja		Nul		Renovere sin bolig,Plukke kantareller		750				
"Hold 07;"			2021-09-08 08:14:48 UTC		grøn		husdyrvidenskab		ja lidt		Ja en del af informationen		Uden		7		ja men jeg vil ikke se ret mange af videoerne		Jeg kan lave nogle simple beregninger i R		Ja		2		Nej		8		Renovere sin bolig,Køre på rulleski		500				
"Hold 02;"			2021-09-08 08:14:48 UTC		grøn		jordbrugsøkonomi		ja lidt		Ja en del af informationen		Uden		7		ja det vil være en stor fordel for mig		Jeg har brugt R før men kan intet huske		Ja		0		Ja		6		Renovere sin bolig,Hækle,Klatre i træer,Plukke kantareller,Køre på rulleski,Se fodboldkampe med Liverpool i tv		743				
"Hold 01;"			2021-09-08 08:14:48 UTC		grøn		jordbrugsøkonomi		ja meget		Ja det hele		Uden		7		ja men jeg vil ikke se ret mange af videoerne		Jeg kan lave nogle simple beregninger i R		Ja		1		Ja		15		Hækle,Plukke kantareller,Se fodboldkampe med Liverpool i tv		1296				
"Hold 05;"			2021-09-08 08:14:47 UTC		grøn		jordbrugsøkonomi		ja lidt		Ja det hele		Uden		7		ja det vil være en stor fordel for mig		Jeg kan lave nogle simple beregninger i R		Ja		0		Nej		1		Renovere sin bolig,Se fodboldkampe med Liverpool i tv		867				
"Hold 04;"			2021-09-08 08:14:45 UTC		rød		bioteknologi		ja lidt		Ja en del af informationen		Uden		7		ja det vil være en stor fordel for mig		Jeg har styr på det meste fra tidligere kurser hvor jeg har brugt R		Ja		0		Nej		12		Klatre i træer,Se fodboldkampe med Liverpool i tv		600				
"Hold 07;"			2021-09-08 08:14:43 UTC		grøn		naturressourcer		ja lidt		Ja en del af informationen		Uden		10		ja det vil være en stor fordel for mig		Jeg kan lave nogle simple beregninger i R		Ja		2		Ja		7		Plukke kantareller		458				
"Hold 04;"			2021-09-08 08:14:42 UTC		gul		husdyrvidenskab		hverken ja eller nej		Ja en del af informationen		Uden		4		ja men jeg vil ikke se ret mange af videoerne		Jeg har brugt R før men kan intet huske		Ja		2		Nej		9		Renovere sin bolig,Hækle,Se fodboldkampe med Liverpool i tv		350				
"Hold 05;"			2021-09-08 08:14:42 UTC		gul		bioteknologi		hverken ja eller nej		Ja en del af informationen		Det har jeg ingen mening om		7		ja det vil være en stor fordel for mig		Jeg kan lave nogle simple beregninger i R		Ja		1		Ja		37		Renovere sin bolig,Køre på rulleski,Se fodboldkampe med Liverpool i tv		422				
"Hold 06;"			2021-09-08 08:14:41 UTC		grøn		bioteknologi		hverken ja eller nej		Ja en del af informationen		Med		10		ja men jeg vil ikke se ret mange af videoerne		Jeg kan lave nogle simple beregninger i R		Ja		1		Ja		0		Køre på rulleski,Se fodboldkampe med Liverpool i tv		850				
"Hold 01;"			2021-09-08 08:14:40 UTC		grøn		husdyrvidenskab		ja lidt		Nej slet ikke		Uden		7		ja men jeg vil ikke se ret mange af videoerne		Jeg kan lave nogle simple beregninger i R		Ja		3 eller derover		Nej		12		Plukke kantareller,Køre på rulleski,Se fodboldkampe med Liverpool i tv		147				
"Hold 06;"			2021-09-08 08:14:38 UTC		grøn		naturressourcer		ja lidt		Ja en del af informationen		Uden		7		nej det er lige meget		Jeg kan lave nogle simple beregninger i R		Ja		0		Nej		0		Renovere sin bolig,Plukke kantareller,Se fodboldkampe med Liverpool i tv		689				
"Hold 06;"			2021-09-08 08:14:38 UTC		blå		naturressourcer		ja lidt		Ja en del af informationen		Uden		10		ja men jeg vil ikke se ret mange af videoerne		Jeg kan lave nogle simple beregninger i R		Ja		1		Ja		9		Klatre i træer,Plukke kantareller,Køre på rulleski		834				
"Hold 03;"			2021-09-08 08:14:38 UTC		gul		husdyrvidenskab		ja meget		Ja det hele		Med		7		ja men jeg vil ikke se ret mange af videoerne		Jeg kan lave nogle simple beregninger i R		Ja		1		Ja		15		Renovere sin bolig,Se fodboldkampe med Liverpool i tv		195				
"Hold 04;"			2021-09-08 08:14:37 UTC		grøn		husdyrvidenskab		hverken ja eller nej		Ja en del af informationen		Det har jeg ingen mening om		2		nej det er lige meget		Jeg kan lave nogle simple beregninger i R		Ja		0		Nej		10		Klatre i træer,Plukke kantareller,Køre på rulleski,Se fodboldkampe med Liverpool i tv		167				
"Hold 07;"			2021-09-08 08:14:36 UTC		grøn		jordbrugsøkonomi		ja lidt		Ja en del af informationen		Uden		7		ja det vil være en stor fordel for mig		Jeg kan lave nogle simple beregninger i R		Ja		0		Nej		15-20		Klatre i træer,Plukke kantareller,Se fodboldkampe med Liverpool i tv		672				
"Hold 01;"			2021-09-08 08:14:35 UTC		gul		husdyrvidenskab		ja meget		Ja en del af informationen		Det har jeg ingen mening om		7		ja det vil være en stor fordel for mig		Jeg har styr på det meste fra tidligere kurser hvor jeg har brugt R		Ja		1		Nej		12		Hækle,Se fodboldkampe med Liverpool i tv		375				
"Hold 04;"			2021-09-08 08:14:34 UTC		rød		jordbrugsøkonomi		ja lidt		Ja en del af informationen		Det har jeg ingen mening om		7		ja det vil være en stor fordel for mig		Jeg kan lave nogle simple beregninger i R		Ja		0		Ja		15		Plukke kantareller,Køre på rulleski,Se fodboldkampe med Liverpool i tv		1200				
"Hold 01;"			2021-09-08 08:14:34 UTC		grøn		bioteknologi		ja lidt		Ja en del af informationen		Med		7		ja det vil være en stor fordel for mig		Jeg kan lave nogle simple beregninger i R		Ja		0		Nej		12		Køre på rulleski		55				
"Hold 07;"			2021-09-08 08:14:32 UTC		grøn		naturressourcer		hverken ja eller nej		Ja det hele		Uden		4		ja det vil være en stor fordel for mig		Jeg har brugt R før men kan intet huske		Ja		0		Nej		0		Renovere sin bolig,Se fodboldkampe med Liverpool i tv		408				
"Hold 07;"			2021-09-08 08:14:28 UTC		gul		husdyrvidenskab		hverken ja eller nej		Ja en del af informationen		Uden		4		ja men jeg vil ikke se ret mange af videoerne		Jeg kan lave nogle simple beregninger i R		Ja		1		Nej		15		Renovere sin bolig,Køre på rulleski		410				
"Hold 04;"			2021-09-08 08:14:28 UTC		grøn		bioteknologi		ja meget		Ja det hele		Med		10		nej det er lige meget		Jeg kan lave nogle simple beregninger i R		Ja		0		Ja		10-15 timer		Klatre i træer,Plukke kantareller,Køre på rulleski		900				
"Hold 06;"			2021-09-08 08:14:27 UTC		grøn		bioteknologi		hverken ja eller nej		Ja en del af informationen		Med		7		ja det vil være en stor fordel for mig		Jeg kan lave nogle simple beregninger i R		Ja		0		Ja		8		Klatre i træer,Plukke kantareller,Se fodboldkampe med Liverpool i tv		800				
"Hold 06;"			2021-09-08 08:14:27 UTC		rød		naturressourcer		nej		Ja en del af informationen		Det har jeg ingen mening om		7		ja det vil være en stor fordel for mig		Jeg har styr på det meste fra tidligere kurser hvor jeg har brugt R		Ja		1		Ja		2		Hækle,Køre på rulleski		172				
"Hold 01;"			2021-09-08 08:14:27 UTC		blå		husdyrvidenskab		nej		Ja en del af informationen		Uden		2		ja det vil være en stor fordel for mig		Jeg har brugt R før men kan intet huske		Ja		0		Nej		12		Køre på rulleski,Se fodboldkampe med Liverpool i tv		125				
"Hold 02;"			2021-09-08 08:14:26 UTC		grøn		bioteknologi		hverken ja eller nej		Ja en del af informationen		Uden		7		ja men jeg vil ikke se ret mange af videoerne		Jeg kan lave nogle simple beregninger i R		Ja		0		Nej		12		Klatre i træer,Se fodboldkampe med Liverpool i tv		1012				
"Hold 01;"			2021-09-08 08:14:25 UTC		rød		husdyrvidenskab		nej		Ja det hele		Uden		4		ja det vil være en stor fordel for mig		Jeg har brugt R før men kan intet huske		Ja		0		Nej		6		Renovere sin bolig,Klatre i træer,Køre på rulleski,Se fodboldkampe med Liverpool i tv		280				
"Hold 05;"			2021-09-08 08:14:25 UTC		grøn		naturressourcer		hverken ja eller nej		Ja en del af informationen		Uden		Det ønsker jeg ikke at svare på		ja det vil være en stor fordel for mig		Jeg kan lave nogle simple beregninger i R		Ja		0		Nej		14		Plukke kantareller,Se fodboldkampe med Liverpool i tv		501				
"Hold 02;"			2021-09-08 08:14:24 UTC		rød		naturressourcer		nej		Ja en del af informationen		Uden		7		ja det vil være en stor fordel for mig		Jeg har brugt R før men kan intet huske		Ja		0		Nej		14		Renovere sin bolig,Plukke kantareller,Se fodboldkampe med Liverpool i tv		370				
"Hold 01;"			2021-09-08 08:14:23 UTC		rød		naturressourcer		nej		Ja en del af informationen		Uden		7		ja det vil være en stor fordel for mig		Jeg har brugt R før men kan intet huske		Ja		1		Ja		20		Klatre i træer,Se fodboldkampe med Liverpool i tv		567				
"Hold 03;"			2021-09-08 08:14:22 UTC		gul		husdyrvidenskab		hverken ja eller nej		Ja en del af informationen		Med		4		ja det vil være en stor fordel for mig		Jeg kan lave nogle simple beregninger i R		Ja		1		Nej		0		Klatre i træer,Køre på rulleski,Se fodboldkampe med Liverpool i tv		263				
"Hold 07;"			2021-09-08 08:14:20 UTC		gul		husdyrvidenskab		ja lidt		Ja en del af informationen		Uden		4		ja det vil være en stor fordel for mig		Jeg kan lave nogle simple beregninger i R		Ja		1		Nej		9		Renovere sin bolig,Klatre i træer,Plukke kantareller		1000				
"Hold 07;"			2021-09-08 08:14:19 UTC		gul		naturressourcer		ja meget		Ja en del af informationen		Uden		7		ja det vil være en stor fordel for mig		Jeg har brugt R før men kan intet huske		Ja		1		Nej		0		Renovere sin bolig,Klatre i træer,Plukke kantareller,Se fodboldkampe med Liverpool i tv		550				
"Hold 07;"			2021-09-08 08:14:17 UTC		rød		bioteknologi		ja meget		Nej slet ikke		Uden		2		ja det vil være en stor fordel for mig		Jeg har brugt R før men kan intet huske		Ja		1		Nej		0		Renovere sin bolig,Klatre i træer,Se fodboldkampe med Liverpool i tv		123				
"Hold 03;"			2021-09-08 08:14:15 UTC		rød		naturressourcer		ja lidt		Ja det hele		Uden		Det ønsker jeg ikke at svare på		ja det vil være en stor fordel for mig		Jeg kan lave nogle simple beregninger i R		Ja		0		Ja		15		Hækle,Plukke kantareller,Se fodboldkampe med Liverpool i tv		400				
"Hold 01;"			2021-09-08 08:14:15 UTC		gul		bioteknologi		ja meget		Ja en del af informationen		Uden		Det ønsker jeg ikke at svare på		ja det vil være en stor fordel for mig		Jeg kan lave nogle simple beregninger i R		Ja		2		Nej		8		Hækle,Køre på rulleski		86				
"Hold 03;"			2021-09-08 08:14:14 UTC		rød		naturressourcer		ja lidt		Ja det hele		Uden		7		ja det vil være en stor fordel for mig		Jeg kan lave nogle simple beregninger i R		Ja		1		Ja		0		Klatre i træer,Plukke kantareller,Se fodboldkampe med Liverpool i tv		249				
"Hold 05;"			2021-09-08 08:14:14 UTC		grøn		naturressourcer		nej		Ja det hele		Med		7		ja det vil være en stor fordel for mig		Jeg kan lave nogle simple beregninger i R		Ja		0		Nej		0		Renovere sin bolig,Plukke kantareller,Køre på rulleski		224				
"Hold 04;"			2021-09-08 08:14:14 UTC		rød		bioteknologi		hverken ja eller nej		Ja det hele		Med		4		ja men jeg vil ikke se ret mange af videoerne		Jeg kan lave nogle simple beregninger i R		Det ved jeg ikke		0		Ja		8		Renovere sin bolig,Se fodboldkampe med Liverpool i tv		200				
"Hold 02;"			2021-09-08 08:14:12 UTC		gul		naturressourcer		hverken ja eller nej		Ja det hele		Med		7		ja men jeg vil ikke se ret mange af videoerne		Jeg kan lave nogle simple beregninger i R		Ja		2		Ja		9		Renovere sin bolig,Se fodboldkampe med Liverpool i tv		600				
"Hold 02;"			2021-09-08 08:14:10 UTC		gul		naturressourcer		ja lidt		Ja det hele		Med		10		ja det vil være en stor fordel for mig		Jeg kan lave nogle simple beregninger i R		Ja		1		Ja		10		Renovere sin bolig,Plukke kantareller,Køre på rulleski,Se fodboldkampe med Liverpool i tv		1000				
"Hold 01;"			2021-09-08 08:14:10 UTC		grøn		husdyrvidenskab		nej		Ja en del af informationen		Med		2		ja det vil være en stor fordel for mig		Jeg har brugt R før men kan intet huske		Ja		2		Nej		1		Hækle,Plukke kantareller,Se fodboldkampe med Liverpool i tv		550				
"Hold 02;"			2021-09-08 08:14:10 UTC		blå		jordbrugsøkonomi		hverken ja eller nej		Ja en del af informationen		Med		7		ja det vil være en stor fordel for mig		Jeg kan lave nogle simple beregninger i R		Ja		1		Ja		0		Renovere sin bolig,Se fodboldkampe med Liverpool i tv		200				
"Hold 01;"			2021-09-08 08:14:10 UTC		grøn		jordbrugsøkonomi		ja lidt		Nej slet ikke		Uden		7		ja det vil være en stor fordel for mig		Jeg kan lave nogle simple beregninger i R		Ja		0		Ja		12		Plukke kantareller,Køre på rulleski,Se fodboldkampe med Liverpool i tv		1131				
"Hold 01;"			2021-09-08 08:14:09 UTC		blå		jordbrugsøkonomi		ja lidt		Ja en del af informationen		Uden		7		ja det vil være en stor fordel for mig		Jeg har brugt R før men kan intet huske		Ja		1		Ja		10		Plukke kantareller,Køre på rulleski,Se fodboldkampe med Liverpool i tv		600				
"Hold 06;"			2021-09-08 08:14:09 UTC		rød		naturressourcer		ja lidt		Ja en del af informationen		Uden		7		nej det er lige meget		Jeg kan lave nogle simple beregninger i R		Ja		1		Ja		15		Klatre i træer,Køre på rulleski,Se fodboldkampe med Liverpool i tv		750				
"Hold 04;"			2021-09-08 08:14:09 UTC		rød		jordbrugsøkonomi		ja lidt		Nej slet ikke		Det har jeg ingen mening om		4		ja det vil være en stor fordel for mig		Jeg har brugt R før men kan intet huske		Ja		0		Nej		0-10		Hækle,Klatre i træer,Plukke kantareller,Se fodboldkampe med Liverpool i tv		1037				
"Hold 03;"			2021-09-08 08:14:09 UTC		rød		jordbrugsøkonomi		ja meget		Ja en del af informationen		Med		2		ja det vil være en stor fordel for mig		Jeg kan lave nogle simple beregninger i R		Ja		0		Nej		0		Renovere sin bolig,Klatre i træer,Plukke kantareller,Se fodboldkampe med Liverpool i tv		1400				
"Hold 07;"			2021-09-08 08:14:09 UTC		gul		husdyrvidenskab		ja lidt		Ja en del af informationen		Med		7		ja men jeg vil ikke se ret mange af videoerne		Jeg kan lave nogle simple beregninger i R		Ja		1		Nej		15		Klatre i træer		500				
"Hold 07;"			2021-09-08 08:14:08 UTC		rød		naturressourcer		ja meget		Ja en del af informationen		Uden		12		ja det vil være en stor fordel for mig		Jeg kan lave nogle simple beregninger i R		Ja		0		Ja		20		Renovere sin bolig,Køre på rulleski,Se fodboldkampe med Liverpool i tv		1000				
"Hold 07;"			2021-09-08 08:14:08 UTC		grøn		husdyrvidenskab		hverken ja eller nej		Ja en del af informationen		Uden		4		ja det vil være en stor fordel for mig		Jeg har brugt R før men kan intet huske		Det ved jeg ikke		0		Nej		0		Klatre i træer,Plukke kantareller,Se fodboldkampe med Liverpool i tv		150				
"Hold 06;"			2021-09-08 08:14:07 UTC		rød		jordbrugsøkonomi		hverken ja eller nej		Ja en del af informationen		Med		7		ja men jeg vil ikke se ret mange af videoerne		Jeg kan lave nogle simple beregninger i R		Ja		0		Nej		11		Renovere sin bolig,Se fodboldkampe med Liverpool i tv		138				
"Hold 02;"			2021-09-08 08:14:06 UTC		blå		jordbrugsøkonomi		ja meget		Ja en del af informationen		Uden		4		ja det vil være en stor fordel for mig		Jeg har styr på det meste fra tidligere kurser hvor jeg har brugt R		Ja		1		Nej		8		Klatre i træer,Plukke kantareller,Se fodboldkampe med Liverpool i tv		420				
"Hold 01;"			2021-09-08 08:14:02 UTC		blå		naturressourcer		ja meget		Ja en del af informationen		Det har jeg ingen mening om		10		ja men jeg vil ikke se ret mange af videoerne		Jeg kan lave nogle simple beregninger i R		Ja		0		Ja		10		Plukke kantareller,Køre på rulleski,Se fodboldkampe med Liverpool i tv		470				
"Hold 01;"			2021-09-08 08:14:01 UTC		blå		naturressourcer		hverken ja eller nej		Ja en del af informationen		Uden		4		ja det vil være en stor fordel for mig		Jeg har brugt R før men kan intet huske		Ja		0		Nej		6		Renovere sin bolig,Køre på rulleski		750				
"Hold 03;"			2021-09-08 08:13:59 UTC		grøn		naturressourcer		ja lidt		Ja en del af informationen		Uden		10		nej det er lige meget		Jeg har styr på det meste fra tidligere kurser hvor jeg har brugt R		Ja		1		Nej		0		Se fodboldkampe med Liverpool i tv		462				
"Hold 03;"			2021-09-08 08:13:59 UTC		rød		jordbrugsøkonomi		hverken ja eller nej		Ja det hele		Uden		7		ja det vil være en stor fordel for mig		Jeg kan lave nogle simple beregninger i R		Ja		1		Nej		0		Klatre i træer,Plukke kantareller,Se fodboldkampe med Liverpool i tv		120				
"Hold 02;"			2021-09-08 08:13:59 UTC		grøn		naturressourcer		ja meget		Ja en del af informationen		Med		7		ja det vil være en stor fordel for mig		Jeg kan lave nogle simple beregninger i R		Ja		0		Ja		0		Renovere sin bolig,Klatre i træer,Plukke kantareller,Se fodboldkampe med Liverpool i tv		1000				
"Hold 06;"			2021-09-08 08:13:56 UTC		gul		naturressourcer		ja lidt		Ja en del af informationen		Med		7		ja men jeg vil ikke se ret mange af videoerne		Jeg har brugt R før men kan intet huske		Ja		2		Ja		0		Køre på rulleski,Se fodboldkampe med Liverpool i tv		632				
"Hold 02;"			2021-09-08 08:13:56 UTC		rød		bioteknologi		ja lidt		Ja en del af informationen		Med		7		ja det vil være en stor fordel for mig		Jeg kan lave nogle simple beregninger i R		Ja		0		Nej		20		Renovere sin bolig,Klatre i træer,Plukke kantareller,Køre på rulleski		100				
"Hold 03;"			2021-09-08 08:13:55 UTC		grøn		bioteknologi		ja lidt		Ja det hele		Uden		7		ja det vil være en stor fordel for mig		Jeg kan lave nogle simple beregninger i R		Ja		2		Nej		25		Klatre i træer,Plukke kantareller,Se fodboldkampe med Liverpool i tv		480				
"Hold 04;"			2021-09-08 08:13:53 UTC		gul		bioteknologi		ja lidt		Ja det hele		Det har jeg ingen mening om		10		ja det vil være en stor fordel for mig		Jeg har styr på det meste fra tidligere kurser hvor jeg har brugt R		Ja		0		Ja		10		Plukke kantareller,Se fodboldkampe med Liverpool i tv		300				
"Hold 04;"			2021-09-08 08:13:53 UTC		gul		bioteknologi		hverken ja eller nej		Ja en del af informationen		Med		7		nej det er lige meget		Jeg kan lave nogle simple beregninger i R		Ja		1		Nej		10-15		Klatre i træer,Køre på rulleski,Se fodboldkampe med Liverpool i tv		100				
"Hold 03;"			2021-09-08 08:13:53 UTC		blå		naturressourcer		hverken ja eller nej		Nej slet ikke		Uden		4		ja det vil være en stor fordel for mig		Jeg kan lave nogle simple beregninger i R		Ja		0		Ja		8		Plukke kantareller,Køre på rulleski		250				
"Hold 03;"			2021-09-08 08:13:52 UTC		rød		bioteknologi		ja lidt		Ja en del af informationen		Med		7		ja det vil være en stor fordel for mig		Jeg har styr på det meste fra tidligere kurser hvor jeg har brugt R		Ja		0		Ja		8		Plukke kantareller,Køre på rulleski		375				
"Hold 05;"			2021-09-08 08:13:52 UTC		gul		husdyrvidenskab		hverken ja eller nej		Nej slet ikke		Uden		4		ja det vil være en stor fordel for mig		Jeg kan lave nogle simple beregninger i R		Ja		0		Nej		10		Klatre i træer,Plukke kantareller		1536				
"Hold 04;"			2021-09-08 08:13:47 UTC		blå		husdyrvidenskab		ja lidt		Ja en del af informationen		Uden		7		nej det er lige meget		Jeg kan lave nogle simple beregninger i R		Ja		0		Nej		2		Renovere sin bolig,Køre på rulleski,Se fodboldkampe med Liverpool i tv		1521				
"Hold 04;"			2021-09-08 08:13:45 UTC		gul		husdyrvidenskab		nej		Nej slet ikke		Uden		2		ja det vil være en stor fordel for mig		Jeg kan lave nogle simple beregninger i R		Ja		1		Nej		16		Renovere sin bolig,Se fodboldkampe med Liverpool i tv		312				
"Hold 02;"			2021-09-08 08:13:44 UTC		grøn		jordbrugsøkonomi		ja lidt		Ja en del af informationen		Uden		10		ja det vil være en stor fordel for mig		Jeg kan lave nogle simple beregninger i R		Ja		0		Ja		15		Renovere sin bolig,Plukke kantareller,Se fodboldkampe med Liverpool i tv		450				
"Hold 02;"			2021-09-08 08:13:41 UTC		blå		bioteknologi		hverken ja eller nej		Ja en del af informationen		Uden		7		ja det vil være en stor fordel for mig		Jeg har aldrig brugt R		Ja		3 eller derover		Ja		30		Klatre i træer,Plukke kantareller,Køre på rulleski,Se fodboldkampe med Liverpool i tv		120				
"Hold 02;"			2021-09-08 08:13:41 UTC		gul		husdyrvidenskab		ja lidt		Ja en del af informationen		Uden		2		ja det vil være en stor fordel for mig		Jeg kan lave nogle simple beregninger i R		Ja		0		Nej		15 timer		Renovere sin bolig,Køre på rulleski,Se fodboldkampe med Liverpool i tv		372				
"Hold 05;"			2021-09-08 08:13:41 UTC		gul		naturressourcer		ja lidt		Ja det hele		Uden		7		ja det vil være en stor fordel for mig		Jeg har brugt R før men kan intet huske		Ja		1		Nej		10		Plukke kantareller,Køre på rulleski,Se fodboldkampe med Liverpool i tv		259				
"Hold 05;"			2021-09-08 08:13:38 UTC		grøn		naturressourcer		ja lidt		Ja det hele		Med		10		ja men jeg vil ikke se ret mange af videoerne		Jeg kan lave nogle simple beregninger i R		Det ved jeg ikke		1		Ja		10		Klatre i træer,Plukke kantareller,Se fodboldkampe med Liverpool i tv		166				
"Hold 07;"			2021-09-08 08:13:34 UTC		grøn		jordbrugsøkonomi		hverken ja eller nej		Ja en del af informationen		Det har jeg ingen mening om		00 eller -3		ja det vil være en stor fordel for mig		Jeg kan lave nogle simple beregninger i R		Det ved jeg ikke		0		Ja		10		Klatre i træer,Se fodboldkampe med Liverpool i tv		248				
"Hold 04;"			2021-09-08 08:13:31 UTC		rød		jordbrugsøkonomi		hverken ja eller nej		Nej slet ikke		Uden		4		ja det vil være en stor fordel for mig		Jeg har brugt R før men kan intet huske		Ja		0		Nej		0		Plukke kantareller,Køre på rulleski,Se fodboldkampe med Liverpool i tv		107				
"Hold 06;"			2021-09-08 08:13:30 UTC		rød		naturressourcer		hverken ja eller nej		Ja en del af informationen		Uden		4		ja det vil være en stor fordel for mig		Jeg har brugt R før men kan intet huske		Ja		0		Nej		15 timer		Renovere sin bolig,Plukke kantareller,Se fodboldkampe med Liverpool i tv		187				
"Hold 01;"			2021-09-08 08:13:26 UTC		rød		bioteknologi		ja lidt		Ja en del af informationen		Det har jeg ingen mening om		12		ja det vil være en stor fordel for mig		Jeg har styr på det meste fra tidligere kurser hvor jeg har brugt R		Ja		2		Ja		8		Klatre i træer,Plukke kantareller,Køre på rulleski,Se fodboldkampe med Liverpool i tv		500				
"Hold 06;"			2021-09-08 08:13:24 UTC		rød		bioteknologi		ja lidt		Ja en del af informationen		Uden		2		ja det vil være en stor fordel for mig		Jeg kan lave nogle simple beregninger i R		Ja		0		Nej		8		Se fodboldkampe med Liverpool i tv		100				
"Hold 04;"			2021-09-08 08:13:13 UTC		gul		husdyrvidenskab		ja lidt		Ja en del af informationen		Uden		4		ja det vil være en stor fordel for mig		Jeg har styr på det meste fra tidligere kurser hvor jeg har brugt R		Det ved jeg ikke		0		Nej		30		Klatre i træer,Plukke kantareller,Køre på rulleski,Se fodboldkampe med Liverpool i tv		0				